[
    {
        "type": "line",
        "a": "-1; 1",
        "b": "1; 1",
        "color": "255; 255; 255; 0"
    },
    {
        "type": "circle",
        "center": "0; 0",
        "radius": 0.5,
        "filled": false,
        "color": "255; 0; 0; 255"
    },
    {
        "type": "triangle",
        "a": "-0.5; -0.5",
        "b": "0.5; -0.5",
        "c": "0; 0.5",
        "filled": true,
        "color": "255; 255; 0; 0"
    },
    {
        "type": "line",
        "a": "-0.5; -0.5",
        "b": "0.5; 0.5",
        "color": "255; 0; 255; 255"
    }
]