[
  //W
  {
    "type": "line",
    "a": "-6;1",
    "b": "-5.5;0",
    "color": "255; 0; 0; 0"
  },
  {
    "type": "line",
    "a": "-5.5;0",
    "b": "-5;1",
    "color": "255; 0; 0; 0"
  },
  {
    "type": "line",
    "a": "-5;1",
    "b": "-4.5;0",
    "color": "255; 0; 0; 0"
  },
  {
    "type": "line",
    "a": "-4.5;0",
    "b": "-4;1",
    "color": "255; 0; 0; 0"
  },
  //S
  {
    "type": "line",
    "a": "-3;1",
    "b": "-2;1",
    "color": "255; 0; 0; 0"
  },
  {
    "type": "line",
    "a": "-3;1",
    "b": "-3;0.5",
    "color": "255; 0; 0; 0"
  },
  {
    "type": "line",
    "a": "-3;0.5",
    "b": "-2;0.5",
    "color": "255; 0; 0; 0"
  },
  {
    "type": "line",
    "a": "-2;0.5",
    "b": "-2;0",
    "color": "255; 0; 0; 0"
  },
  {
    "type": "line",
    "a": "-3;0",
    "b": "-2;0",
    "color": "255; 0; 0; 0"
  },
  //C
  {
    "type": "line",
    "a": "-1;1",
    "b": "0;1",
    "color": "255; 0; 0; 0"
  },
  {
    "type": "line",
    "a": "-1;1",
    "b": "-1;0",
    "color": "255; 0; 0; 0"
  },
  {
    "type": "line",
    "a": "-1;0",
    "b": "0;0",
    "color": "255; 0; 0; 0"
  },
  //A
  {
    "type": "line",
    "a": "1;1",
    "b": "2;1",
    "color": "255; 0; 0; 0"
  },
  {
    "type": "line",
    "a": "1;1",
    "b": "1;0",
    "color": "255; 0; 0; 0"
  },
  {
    "type": "line",
    "a": "2;1",
    "b": "2;0",
    "color": "255; 0; 0; 0"
  },
  {
    "type": "line",
    "a": "1;0.5",
    "b": "2;0.5",
    "color": "255; 0; 0; 0"
  },
  //D
  {
    "type": "line",
    "a": "3;1",
    "b": "3.75;1",
    "color": "255; 0; 0; 0"
  },
  {
    "type": "line",
    "a": "3;1",
    "b": "3;0",
    "color": "255; 0; 0; 0"
  },
  {
    "type": "line",
    "a": "3;0",
    "b": "3.75;0",
    "color": "255; 0; 0; 0"
  },
  {
    "type": "line",
    "a": "4;0.75",
    "b": "4;0.25",
    "color": "255; 0; 0; 0"
  },
  {
    "type": "line",
    "a": "3.75;1",
    "b": "4;0.75",
    "color": "255; 0; 0; 0"
  },
  {
    "type": "line",
    "a": "4;0.25",
    "b": "3.75;0",
    "color": "255; 0; 0; 0"
  }
]

